#Keys,Mean Queue Size,Std Queue Size
1.0,0.536419491919,0.0421232054391
3.0,0.57000135913,0.0208184286833
6.0,0.668735103192,0.0137360744669
9.0,0.664967968135,0.0179289503028
