#Keys,Mean Queue Size,Std Queue Size
1.0,0.518074860389,0.0561573914313
3.0,0.52234456663,0.0335212880664
6.0,0.575209803024,0.031808377289
9.0,0.546441330214,0.0424540492957
