#Keys,Mean Response Time [ms],Std Response Time
1.0,0.751108725411,0.0156649497517
3.0,0.863803137668,0.0331923454778
6.0,0.956403218741,0.0156151019294
9.0,1.02625708133,0.0456030239393
