#Keys,Mean Response Time [ms],Std Response Time
1.0,0.743494167973,0.0379629980927
3.0,1.15728695285,0.0232784933876
6.0,1.20542334912,0.0638698088625
9.0,1.32899704704,0.0275281429094
