#Clients,Mean Throughput [req/s],Std Throughput
12.0,16140.0055534,0.0
12.0,10369.0791384,0.0
12.0,9955.00876001,0.0
12.0,9029.36543519,0.0
