#Clients,Mean Throughput [req/s],Std Throughput
12.0,15976.3821056,0.0
12.0,13892.0541923,0.0
12.0,12547.0092163,0.0
12.0,11692.9765634,0.0
