#Keys,Mean Post-Processing Time [ms],Std Post-Processing Time
1.0,0.0113870984246,0.000492128141453
3.0,0.0201342606823,0.00073463519417
6.0,0.0289210574579,0.000359907526721
9.0,0.0388100805668,0.00156463161634
