#Keys,Mean Post-Processing Time [ms],Std Post-Processing Time
1.0,0.0119557530629,0.000809335891725
3.0,0.023615001801,0.000549689483657
6.0,0.0297654355459,0.0022470273837
9.0,0.0408731270068,0.000612014374401
